{
    "objects": [
        {
            "bgColor": [
                0.0,
                0.0,
                0.0,
                1.0
            ],
            "classType": "Camera",
            "focalDistance": 1.0,
            "lensRadius": 0.0,
            "pos": [
                5.95062255859375,
                -24.735065460205078,
                0.5259519219398499
            ],
            "rot": [
                0.9990919232368469,
                0.028782755136489868,
                -0.0009045980987139046,
                -0.03139988332986832
            ],
            "scale": [
                1.0,
                1.0,
                1.0
            ]
        },
        {
            "classType": "PointLight",
            "color": [
                1.0,
                0.9254902005195618,
                0.6117647290229797,
                1.0
            ],
            "dis": 35.0,
            "intensity": 2.0,
            "pos": [
                0.0,
                0.0,
                8.0
            ],
            "rot": [
                0.0,
                0.0,
                0.0,
                0.0
            ],
            "scale": [
                1.0,
                1.0,
                1.0
            ]
        },
        {
            "classType": "Square",
            "material": {
                "classType": "Material",
                "color": [
                    3.0,
                    3.0,
                    3.0,
                    1.0
                ],
                "diffuseCoef": 1.0,
                "lit": true,
                "reflection": 0.0,
                "texture": {
                    "classType": "Texture",
                    "path": "assets/textures/core/default.png"
                }
            },
            "pos": [
                0.0,
                0.0,
                9.999899864196777
            ],
            "rot": [
                0.7071067094802856,
                -0.7071068286895752,
                0.0,
                0.0
            ],
            "scale": [
                5.0,
                5.0,
                5.0
            ],
            "sharedMaterial": {
                "classType": "Material",
                "color": [
                    1.0,
                    1.0,
                    1.0,
                    1.0
                ],
                "diffuseCoef": 1.0,
                "lit": true,
                "reflection": 0.0,
                "texture": {
                    "classType": "Texture",
                    "path": "assets/textures/core/default.png"
                }
            },
            "side": 5.0
        },
        {
            "classType": "Square",
            "material": {
                "classType": "Material",
                "color": [
                    1.0,
                    0.0,
                    0.0,
                    1.0
                ],
                "diffuseCoef": 1.0,
                "lit": true,
                "reflection": 0.0,
                "texture": {
                    "classType": "Texture",
                    "path": "assets/textures/core/default.png"
                }
            },
            "pos": [
                -10.0,
                0.0,
                0.0
            ],
            "rot": [
                0.7071067094802856,
                0.0,
                0.0,
                -0.7071068286895752
            ],
            "scale": [
                20.0,
                20.0,
                20.0
            ],
            "sharedMaterial": {
                "classType": "Material",
                "color": [
                    1.0,
                    1.0,
                    1.0,
                    1.0
                ],
                "diffuseCoef": 1.0,
                "lit": true,
                "reflection": 0.0,
                "texture": {
                    "classType": "Texture",
                    "path": "assets/textures/core/default.png"
                }
            },
            "side": 20.0
        },
        {
            "classType": "Square",
            "material": {
                "classType": "Material",
                "color": [
                    0.0,
                    1.0,
                    0.0,
                    1.0
                ],
                "diffuseCoef": 1.0,
                "lit": true,
                "reflection": 0.0,
                "texture": {
                    "classType": "Texture",
                    "path": "assets/textures/core/default.png"
                }
            },
            "pos": [
                10.0,
                0.0,
                0.0
            ],
            "rot": [
                0.7071067094802856,
                0.0,
                0.0,
                0.7071068286895752
            ],
            "scale": [
                20.0,
                20.0,
                20.0
            ],
            "sharedMaterial": {
                "classType": "Material",
                "color": [
                    1.0,
                    1.0,
                    1.0,
                    1.0
                ],
                "diffuseCoef": 1.0,
                "lit": true,
                "reflection": 0.0,
                "texture": {
                    "classType": "Texture",
                    "path": "assets/textures/core/default.png"
                }
            },
            "side": 20.0
        },
        {
            "classType": "Square",
            "material": null,
            "pos": [
                0.0,
                10.0,
                0.0
            ],
            "rot": [
                -1.6292068494294654e-07,
                -0.0,
                0.0,
                1.0
            ],
            "scale": [
                20.0,
                20.0,
                20.0
            ],
            "sharedMaterial": {
                "classType": "Material",
                "color": [
                    1.0,
                    1.0,
                    1.0,
                    1.0
                ],
                "diffuseCoef": 1.0,
                "lit": true,
                "reflection": 0.0,
                "texture": {
                    "classType": "Texture",
                    "path": "assets/textures/core/default.png"
                }
            },
            "side": 20.0
        },
        {
            "classType": "Square",
            "material": null,
            "pos": [
                0.0,
                0.0,
                -10.0
            ],
            "rot": [
                0.7071067094802856,
                0.7071068286895752,
                0.0,
                0.0
            ],
            "scale": [
                20.0,
                20.0,
                20.0
            ],
            "sharedMaterial": {
                "classType": "Material",
                "color": [
                    1.0,
                    1.0,
                    1.0,
                    1.0
                ],
                "diffuseCoef": 1.0,
                "lit": true,
                "reflection": 0.0,
                "texture": {
                    "classType": "Texture",
                    "path": "assets/textures/core/default.png"
                }
            },
            "side": 20.0
        },
        {
            "classType": "Square",
            "material": null,
            "pos": [
                0.0,
                0.0,
                10.0
            ],
            "rot": [
                0.7071067094802856,
                -0.7071068286895752,
                0.0,
                0.0
            ],
            "scale": [
                20.0,
                20.0,
                20.0
            ],
            "sharedMaterial": {
                "classType": "Material",