{
    "objects": [
        {
            "bgColor": [
                0.0,
                0.0,
                0.0,
                1.0
            ],
            "classType": "Camera",
            "focalDistance": 1.0,
            "lensRadius": 0.0,
            "pos": [
                0.6300390362739563,
                -28.760086059570313,
                -0.6886959671974182
            ],
            "rot": [
                0.9998903274536133,
                0.010470316745340824,
                0.00010963580280076712,
                0.010470225475728512
            ],
            "scale": [
                1.0,
                1.0,
                1.0
            ]
        },
        {
            "classType": "Square",
            "material": null,
            "pos": [
                0.0,
                0.0,
                9.999899864196777
            ],
            "rot": [
                0.7071067094802856,
                -0.7071068286895752,
                0.0,
                0.0
            ],
            "scale": [
                5.0,
                5.0,
                5.0
            ],
            "sharedMaterial": {
                "classType": "Material",
                "color": [
                    1.0,
                    1.0,
                    1.0,
                    1.0
                ],
                "diffuseCoef": 1.0,
                "emission": [
                    10.123000144958496,
                    10.123000144958496,
                    10.123000144958496,
                    10.123000144958496
                ],
                "lit": true,
                "metallic": 0.0,
                "texture": {
                    "classType": "Texture",
                    "path": "assets/textures/core/default.png"
                }
            },
            "side": 5.0
        },
        {
            "classType": "Square",
            "material": null,
            "pos": [
                -10.0,
                0.0,
                0.0
            ],
            "rot": [
                0.7071067094802856,
                0.0,
                0.0,
                -0.7071068286895752
            ],
            "scale": [
                20.0,
                20.0,
                20.0
            ],
            "sharedMaterial": {
                "classType": "Material",
                "color": [
                    1.0,
                    0.0,
                    0.0,
                    1.0
                ],
                "diffuseCoef": 0.11999999731779099,
                "emission": [
                    0.0,
                    0.0,
                    0.0,
                    0.0
                ],
                "lit": true,
                "metallic": 0.49000000953674316,
                "texture": {
                    "classType": "Texture",
                    "path": "assets/textures/core/default.png"
                }
            },
            "side": 20.0
        },
        {
            "classType": "Square",
            "material": null,
            "pos": [
                10.0,
                0.0,
                0.0
            ],
            "rot": [
                0.7071067094802856,
                0.0,
                0.0,
                0.7071068286895752
            ],
            "scale": [
                20.0,
                20.0,
                20.0
            ],
            "sharedMaterial": {
                "classType": "Material",
                "color": [
                    0.0,
                    1.0,
                    0.0,
                    1.0
                ],
                "diffuseCoef": 0.12800000607967377,
                "emission": [
                    0.0,
                    0.0,
                    0.0,
                    0.0
                ],
                "lit": true,
                "metallic": 0.5019999742507935,
                "texture": {
                    "classType": "Texture",
                    "path": "assets/textures/core/default.png"
                }
            },
            "side": 20.0
        },
        {
            "classType": "Square",
            "material": null,
            "pos": [
                0.0,
                10.0,
                0.0
            ],
            "rot": [
                -1.6292068494294654e-07,
                -0.0,
                0.0,
                1.0
            ],
            "scale": [
                20.0,
                20.0,
                20.0
            ],
            "sharedMaterial": {
                "classType": "Material",
                "color": [
                    1.0,
                    1.0,
                    1.0,
                    1.0
                ],
                "diffuseCoef": 0.14100000262260437,
                "emission": [
                    0.0,
                    0.0,
                    0.0,
                    0.0
                ],
                "lit": true,
                "metallic": 0.460999995470047,
                "texture": {
                    "classType": "Texture",
                    "path": "assets/textures/core/default.png"
                }
            },
            "side": 20.0
        },
        {
            "classType": "Square",
            "material": null,
            "pos": [
                0.0,
                0.0,
                -10.0
            ],
            "rot": [
                0.7071067094802856,
                0.7071068286895752,
                0.0,
                0.0
            ],
            "scale": [
                20.0,
                20.0,
                20.0
            ],
            "sharedMaterial": {
                "classType": "Material",
                "color": [
                    1.0,
                    1.0,
                    1.0,
                    1.0
                ],
                "diffuseCoef": 0.008999999612569809,
                "emission": [
                    0.0,
                    0.0,
                    0.0,
                    0.0
                ],
                "lit": true,
                "metallic": 0.460999995470047,
                "texture": {
                    "classType": "Texture",
                    "path": "assets/textures/core/default.png"
                }
            },
            "side": 20.0
        },
        {
            "classType": "Square",
            "material": null,
            "pos": [
                0.0,
                0.0,
                10.0
            ],
            "rot": [
                0.7071067094802856,
                -0.7071068286895752,
                0.0,
                0.0
            ],
            "scale": [
                20.0,
                20.0,
                20.0
            ],
            "sharedMaterial": {
                "classType": "Material",
                "color": [
                    1.0,
                    1.0,
                    1.0,
                    1.0
                ],
                "diffuseCoef": 0.008999999612569809,
                "emission": [
                    0.0,
                    0.0,
                    0.0,
                    0.0
                ],
                "lit": true,
                "metallic": 0.460999995470047,
                "texture": {
                    "classType": "Texture",
                    "path": "assets/textures/core/default.png"
                }
            },
            "side": 20.0
        },
        {
            "classType": "Cube",
            "material": null,
            "pos": [
                4.0,
                -4.0,
                -6.699999809265137
            ],
            "rot": [
                0.9702957272529602,
                0.0,
                0.0,
                -0.24192191660404205
            ],
            "scale": [
                6.599999904632568,
                6.599999904632568,
                6.599999904632568
            ],